"air_temperature_C","metabolic_W","evaporation_W","core_C","skin_C","fur_C","lung_C","shape_b","flesh_conductivity","pant","skin_wetness_pct","respiratory_water_g_h","cutaneous_water_g_h"
0,111.219980168658,16.3221845557072,37,20.2152799974218,13.423986373203,28.6076399987109,1.1,0.9,1,0.5,16.1352598157972,0.251734921001253
2,105.629194429723,15.8552237414535,37,21.0546542565055,14.6528069509198,29.0273271282528,1.1,0.9,1,0.5,15.7015877700833,0.784173116283106
4,99.8252233432601,15.0300755050614,37,21.9300707236534,15.9052801935541,29.4650353618267,1.1,0.9,1,0.5,15.2185781868828,0.815773924367482
6,94.0017102666067,14.2085635749044,37,22.8093684542365,17.1605660508574,29.9046842271182,1.1,0.9,1,0.5,14.6968189548358,0.84769459984279
8,88.1586551997632,13.3895507109944,37,23.6926030433817,18.4187284938678,30.3463015216908,1.1,0.9,1,0.5,14.1345960693871,0.879771807272552
10,82.2942815981668,12.5715845987115,37,24.5798244270644,19.6798210533412,30.7899122135322,1.1,0.9,1,0.5,13.5298585533436,0.911800903693437
12,77.3537111691939,12.0863468196281,37,25.8363374818342,20.8009507487135,31.4181687409171,1.4,0.9,1,0.5,13.2298945802337,0.998092943760483
14,77.9310881520836,12.4914633480314,37,27.3528780809965,22.1035570871988,32.1764390404982,2.1,0.9,1,0.5,13.8764599028945,1.1832414392355
16,77.6130866753536,12.691723055004,37,28.5511037679276,23.483004619282,32.7755518839638,2.7,0.9,1,0.5,14.2969784417872,1.34793225643255
18,77.8920041717033,12.9913249114789,37,29.6912315962697,24.8819257752392,33.3456157981348,3.5,0.9,1,0.5,14.8125793606478,1.54674321808596
20,77.7072435371787,13.211583445218,37,30.7458365245783,26.269067765322,33.8729182622892,4.5,0.9,1,0.5,15.2141013566203,1.76775658378995
22,77.5366952591558,13.6100314751977,37,32.2392828362603,27.9481516350119,34.6196414181302,5,1.1,1,0.5,15.8497649676568,1.97859775985128
24,77.7907411316273,14.2060169345544,37,34.0998244280634,29.8565408311456,35.5499122140317,5,1.8,1,0.5,16.7466970186951,2.18435654977542
26,89.9998755417624,20.1539437862828,39,36.9483504592941,32.3232310259822,37.974175229647,5,2.8,1.1,0.5,24.5520106963852,2.59354212835905
28,90.8744252983747,31.7777119737759,39,37.2575070421965,33.3545945748135,38.1287535210982,5,2.8,1.8,0.5,40.8154830107579,2.53811324215461
30,91.580189882367,43.2624780332748,39,37.5678938476103,34.3853740982921,38.2839469238052,5,2.8,2.5,0.5,57.4648873650362,2.4640795985209
32,91.9395886453191,54.4239989463131,39,37.8794214898419,35.4149424451611,38.4397107449209,5,2.8,3.2,0.5,74.2582325938772,2.36383205852269
34,91.5214380323501,64.8161847281044,39,38.1919950860201,36.4423699525912,38.59599754301,5,2.8,3.9,0.5,90.5689729015887,2.22304257744502
36,90.541614955072,74.6339166810331,39,38.50560040799,37.4671763869504,38.752800203995,5,2.8,4.6,0.5,106.678746707481,2.00832796254164
38,94.1159311994831,88.940413592685,39,38.8212998847864,38.4848906117487,38.9106499423932,5,2.8,5.4,0.5,130.203299454577,1.58572469247507
40,92.1144632759188,98.4722686199498,39,39.1274229696824,39.4874789206415,39.0637114848412,5,2.8,6.19999999999999,0.5,146.89013573962,1.63122820778456
42,92.2415477408441,109.916998855612,39,39.4354069708265,40.5125072295199,39.2177034854132,5,2.8,6.99999999999999,0.5,166.660657971219,2.11272008214176
44,92.6382855379296,121.235846116947,39,39.7541758479133,41.5603203713959,39.3770879239567,5,2.8,7.79999999999999,0.5,187.137062282434,2.40626900196586
46,92.582088866769,132.041918978964,39,40.0804650408149,42.6256287622124,39.5402325204074,5,2.8,8.59999999999999,0.5,207.60765223244,2.63551927375698
48,93.0026597132156,144.198084297873,39,40.413128680674,43.704841432895,39.706564340337,5,2.8,9.49999999999998,0.5,231.061520079692,2.83140767025737
50,93.189154116267,157.870653034199,39,40.5248892709646,44.6735598170381,39.7624446354823,5,2.8,10,2.9,242.702809460965,17.3204947658683
