"air_temperature_C","metabolic_W","core_C","lung_C","skin_C","surface_C","flesh_conductivity","skin_wetness_pct","cutaneous_water_L_h","respiratory_water_L_h","sweat_L_h"
-10,276.381225585938,36.8,34.5232142720293,25.2132401400357,3.41604274357036,0.680545137,0.99999995,0.00252549635130196,0.0365554589429583,0.00252562263242095
-8,264.717407226562,36.8,34.6111803181192,25.6649685443976,4.88523372535937,0.680545137,0.99999995,0.00255683527399912,0.0351811051974914,0.00255696312214244
-6,253.053588867188,36.8,34.6999599899597,26.1203383127215,6.35109826286921,0.680545137,0.99999995,0.00258489956906931,0.0337631428612676,0.00258502882049741
-4,241.389770507812,36.8,34.7895585663312,26.5793658649482,7.81337832953872,0.680545137,0.99999995,0.00260908275665392,0.0323008699295586,0.00260921321730173
-2,229.559326171875,36.8,34.8799812523391,27.0420664599318,9.27227869290219,0.680545137,0.99999995,0.00262876100620374,0.0307715462152019,0.00262889245081314
0,217.8955078125,36.8,34.9712335004645,27.5084542379727,10.727831758472,0.680545137,0.99999995,0.00264322855296678,0.0292198123669199,0.00264336072098962
2,209.064331054688,36.8,35.0420715030007,27.8554274766808,12.1365840327882,0.680545137,0.99999995,0.00789183720509759,0.0280450377097486,0.00789223181664896
4,197.23388671875,36.8,35.1347771371309,28.328898849385,13.5851296143315,0.680545137,0.99999995,0.00790854848807721,0.0264327423832942,0.00790894393523443
6,185.23681640625,36.8,35.2283615096897,28.8062967817771,15.0304287271909,0.680545137,0.99999995,0.00790825281196168,0.02476479455784,0.00790864824433435
8,173.23974609375,36.8,35.3228332556784,29.287645221301,16.4724734044935,0.680545137,0.99999995,0.00788895059886066,0.023066479486806,0.00788934506607452
10,161.24267578125,36.8,35.418200848235,29.7729645385375,17.9112379642814,0.680545137,0.99999995,0.00784847155551485,0.0213415043470487,0.00784886399867553
12,149.24560546875,36.8,35.5144724862854,30.2622716804436,19.3466354916394,0.680545137,0.99999995,0.00778445063961382,0.0195944601999949,0.00778483988156897
14,137.24853515625,36.8,35.6116559611555,30.7555731794521,20.7786789256886,0.680545137,0.99999995,0.00769431069974951,0.0178309432214282,0.00769469543448276
16,125.084838867188,36.8,35.7097585019423,31.2528751557489,22.2071152120455,0.680545137,0.99999995,0.00757515703503748,0.0160363263800598,0.0075755358117902
18,113.087768554688,36.8,35.808786604214,31.7541593204382,23.6320421296617,0.680545137,0.99999995,0.00742391979278127,0.0142617036826677,0.00742429100729451
20,106.256103515625,36.8,35.9988099130761,32.8137904847796,25.276084929059,0.8305451295,0.99999995,0.00760527739103049,0.0131333537456253,0.00760565767387616
22,109.921875,36.8,36.2150336342211,34.0135977187405,26.9871880108769,1.280545107,2.499999875,0.0196513286788949,0.0132594713353269,0.0196574716381675
24,108.5888671875,36.8,36.3488136465879,34.7350849248566,28.4977076141212,1.7305450845,3.9999998,0.0309978681484211,0.0127200196135809,0.0310226862949753
26,105.25634765625,36.8,36.3997319168418,35.0884723620413,29.8467555569986,1.9305450745,5.9999997,0.0439637452308038,0.0119030828730312,0.0440430226636706
28,107.255859375,36.8,36.3535874616272,35.198610791312,31.0849768411291,1.75554508325,9.9999995,0.0666359021062283,0.0116276446866338,0.0669707558520029
30,106.755981445312,36.8,36.2967417051984,35.1462817883118,32.2378778059007,1.5305450945,15.499999225,0.0898697864535396,0.0110009007863767,0.0909624730518058
32,105.9228515625,36.8,36.3488315582601,35.3634464603197,33.4857887994212,1.7305450845,21.9999989,0.110102750042831,0.0102668782597863,0.112833316017395
34,107.232527479674,37,36.5036705616932,35.315251343542,34.5942315105621,1.480545097,36.99999815,0.137126420075371,0.00964845320665732,0.147202425063357
36,113.697441420996,37.2,36.6284720402525,35.7008638336436,35.8596294162937,1.9305450745,65.9999967,0.164758817148211,0.0101323025617267,0.21063514773789
38,108.471451735394,37.15,36.6019137580825,35.440552972589,36.8695516134449,1.5305450945,52.99999735,0.1857263548353,0.00823107192718475,0.21607393613
40,110.812747737703,37.25,36.6874631442367,35.4480908169291,38.0302919039665,1.480545097,61.9999969,0.21535191863988,0.00712396256450785,0.266590633221105
42,114.612191999681,37.45,36.9278228664488,35.6719242498979,39.3004028616937,1.6305450895,75.9999962,0.244480068598756,0.00615390482967987,0.343757112867057
44,118.659261926207,37.6499999999999,37.2043024492118,36.109093482728,40.6626952179754,2.00554507075,94.499995275,0.271993697700363,0.00522431048674983,0.491417919569889
46,115.854605359306,38.0499999999999,37.7911866841502,37.2911251426684,42.3196519119439,3.75554498325,99.999995,0.28066266009685,0.00477907043474522,0.561325264061175
